<?xml version="1.0" encoding="UTF-8"?>
<project-private xmlns="http://www.netbeans.org/ns/project-private/1">
    <editor-bookmarks xmlns="http://www.netbeans.org/ns/editor-bookmarks/2" lastBookmarkId="0"/>
    <open-files xmlns="http://www.netbeans.org/ns/projectui-open-files/2">
        <group>
            <file>file:/D:/Semester%205/II.%20Basis%20Data%20Lanjut/Materi%20Kuliah/w14/contact_db/src/itdel/adb/mongodb/DisplayingDocument.java</file>
            <file>file:/D:/Semester%205/II.%20Basis%20Data%20Lanjut/Materi%20Kuliah/w14/contact_db/src/itdel/adb/mongodb/MongoDB.java</file>
            <file>file:/D:/Semester%205/II.%20Basis%20Data%20Lanjut/Materi%20Kuliah/w14/contact_db/src/itdel/adb/mongodb/UpdatingDocument.java</file>
            <file>file:/D:/Semester%205/II.%20Basis%20Data%20Lanjut/Materi%20Kuliah/w14/contact_db/src/itdel/adb/mongodb/InsertingDocument.java</file>
            <file>file:/D:/Semester%205/II.%20Basis%20Data%20Lanjut/Materi%20Kuliah/w14/contact_db/src/itdel/adb/mongodb/SelectingDocument.java</file>
        </group>
    </open-files>
</project-private>
